am_sid,sciname,iucn_sid,area_total,area_am,area_iucn,area_overlap,sm_perc,sm_range,area_ratio,lg_area_pct
URM-Cn-5604,Oulastrea crispata,132859,11163349,6143414.3,9610987.2,4591052.54933775,74.731,AM,63.921,48.522
SLB-62998,Psammocora stellata,132860,3180464.5,2432985.2,1961441.9,1213962.63921776,61.891,IUCN,80.619,12.283
SLB-117548,Cycloseris costulata,132864,12581753.1,5485177.6,11131017.3,4034441.85518605,73.552,AM,49.278,56.196
URM-Cn-4877,Montipora angulata,132866,13310040.8,11276148.4,10557634.1,8523741.7207971,80.735,IUCN,93.628,56.929
URM-Cn-4750,Acropora florida,132869,14192905.3,10313593.3,12904568.5,9025256.53122638,87.508,AM,79.922,65.15
URM-Cn-5952,Pectinia elongata,132871,6544421.1,2042694.5,6253736.3,1752009.64910822,85.77,AM,32.664,31.573
URM-Cn-5888,Scolymia lacera,132874,3756957.7,2190123.2,1994437.7,427603.224470681,21.44,IUCN,91.065,11.057
URM-Cn-5982,Pocillopora kelleheri,132875,6663967,5667840.2,3001949.8,2005822.93336113,66.817,IUCN,52.965,28.615
URM-Cn-4973,Leptoseris tubulifera,132876,6505307.2,3307910.3,5396015.4,2198618.49002169,66.465,AM,61.303,27.242
URM-Cn-5759,Fungia fralinae,132877,3907759.7,1891394.3,3682481.6,1666116.18773609,88.089,AM,51.362,18.591
URM-Cn-5549,Favia maxima,132878,12253559.4,5039798.3,11652173.3,4438412.2378818,88.067,AM,43.252,58.827
URM-Cn-4995,Pavona venosa,132880,15525432.8,11436066.4,13692316.4,9602949.96162282,83.971,AM,83.522,69.127
URM-Cn-5572,Goniastrea australensis,132883,14491932.2,6194337.4,13382409.7,5084814.89929703,82.088,AM,46.287,67.562
URM-Cn-5508,Colpophyllia natans,132884,2248724.1,1337472.9,2163448.8,1252197.64409008,93.624,AM,61.821,10.922
URM-Cn-4965,Leptoseris hawaiiensis,132885,17199472.6,13602045.8,14017008.8,10419581.9292948,76.603,AM,97.04,70.766
URM-Cn-4910,Montipora hodgsoni,132892,7040985.3,5777116.8,5445516.7,4181648.18254617,76.791,IUCN,94.26,29.166
URM-Cn-5557,Favia veroni,132894,12333090.4,5368772.2,11602940.1,4638621.93431384,86.4,AM,46.271,58.579
URM-Cn-5894,Symphyllia radians,132900,15883691,13128206.3,13120216.2,10364731.5329881,78.998,IUCN,99.939,66.279
URM-Cn-4970,Leptoseris solida,132903,12210861.8,8177866.4,8871298.2,4838302.79214816,59.163,AM,92.183,44.788
URM-Cn-4848,Acropora turaki,132909,8612939.7,6584709.7,6701847.2,4673617.13701088,70.977,AM,98.252,33.835
URM-Cn-4992,Pavona maldivensis,132911,18091529.5,15018027,15166786.9,12093284.3457674,80.525,AM,99.019,76.571
URM-Cn-5470,Turbinaria irregularis,132916,9296136.8,2547098.7,9011712.7,2262674.5498034,88.833,AM,28.264,45.496
URM-Cn-4958,Gardineroseris planulata,132917,18882437.5,15874009.9,15535267.5,12526839.8533883,80.635,IUCN,97.866,80.141
URM-Cn-5985,Pocillopora woodjonesi,132923,12875921.5,10147208.8,11373572.5,8644859.80350488,85.194,AM,89.217,57.421
SLB-61850,Leptoseris striata,132927,6919639.2,2105246.8,6581022.1,1766629.62944814,83.916,AM,31.99,33.225
URM-Cn-5953,Pectinia lactuca,132928,13479979.3,8618545.3,12275344.7,7413910.63583519,86.023,AM,70.21,61.973
URM-Cn-4854,Acropora willisae,132931,12447671,8193755,10334541.2,6080625.08117406,74.21,AM,79.285,52.175
URM-Cn-4723,Acropora carduus,132933,11731163.3,10827638,6358464.1,5454938.76701712,85.79,IUCN,58.724,54.664
URM-Cn-4807,Acropora plumosa,132935,6491045.5,5100120.9,5349092.1,3958167.49316289,77.609,AM,95.346,27.005
URM-Cn-4710,Acropora acuminata,132940,12735269.7,7721655.5,11789417.3,6775803.08883531,87.751,AM,65.496,59.52
SLB-93057,Montipora patula,132942,172783.8,69062.2,172783.8,69062.1766333369,100,AM,39.97,0.872
URM-Cn-5465,Turbinaria bifrons,132957,10306377.3,4455926,8546824,2696372.6974309,60.512,AM,52.135,43.149
URM-Cn-5892,Symphyllia erythraea,132962,1462839.5,739140.7,1256238.3,532539.477416603,72.048,AM,58.838,6.342
URM-Cn-5591,Manicina areolata,132963,2388291.3,2100033.7,2025270.6,1737012.94712175,85.767,IUCN,96.44,10.602
URM-Cn-5485,Euphyllia yaeyamaensis,132967,10118687,8213611.1,7440467.3,5535391.41190878,74.396,IUCN,90.587,41.467
URM-Cn-5779,Halomitra clavator,132968,2344957.8,1891394.3,767788.1,314224.552856139,40.926,IUCN,40.594,9.549
URM-Cn-4774,Acropora listeri,132969,13516345.5,9315183.4,11666822.3,7465660.21881997,80.145,AM,79.843,58.901
URM-Cn-4954,Agaricia lamarcki,132970,2093146.1,1405868.9,2001761.9,1314484.67333069,93.5,AM,70.232,10.106
URM-Cn-4800,Acropora paniculata,132972,10766785.1,8356634.1,8615481.8,6205330.79243548,74.256,AM,96.996,43.496
SLB-62368,Plerogyra discus,132974,6349341.6,4365440.8,5260090.7,3276189.88695125,75.048,AM,82.992,26.556
URM-Cn-4937,Montipora stilosa,132977,2485180.4,1895641.6,1834312.6,1244773.81551431,67.861,IUCN,96.765,9.57
URM-Cn-5590,Leptoria phrygia,132980,15569121.2,7999240.2,14617463.8,7047582.82607277,88.103,AM,54.724,73.798
URM-Cn-5584,Leptastrea bottae,132983,13113874.4,9034260.5,9105184.8,5025570.95437811,55.628,AM,99.221,45.968
URM-Cn-4736,Acropora derawanensis,132984,6155705.5,4996026.4,5004259.4,3844580.3164249,76.953,AM,99.835,25.264
URM-Cn-5524,Echinopora gemmacea,132987,16235671.1,11470427.5,13933486.1,9168242.58231841,79.929,AM,82.323,70.345
URM-Cn-4777,Acropora longicyathus,132988,14619431.4,11131586.9,12227759.2,8739914.78475621,78.515,AM,91.035,61.733
URM-Cn-4790,Acropora multiacuta,132990,8711469.8,7013136.6,6525341.6,4827008.35079836,73.973,IUCN,93.045,35.406
URM-Cn-6123,Coscinaraea crassa,132991,9592045.1,5941954.3,7750171.6,4100080.84487899,69.002,AM,76.669,39.127
URM-Cn-4761,Acropora humilis,132992,16199038.7,11931678.7,13959617.6,9692257.59932764,81.231,AM,85.473,70.476
URM-Cn-5772,Fungia seychellensis,132996,1677689.7,1431876.7,960418.4,714605.361947106,74.406,IUCN,67.074,7.229
SLB-117497,Seriatopora stellata,133002,10356621.6,8036035.2,7548818.1,5228231.7267447,69.259,IUCN,93.937,40.571
URM-Cn-5583,Leptastrea bewickensis,133003,10420596.6,5513587,7628858.6,2721849.04440636,49.366,AM,72.273,38.515
URM-Cn-4798,Acropora palmata,133006,2117279.7,1410920.9,2040852.7,1334493.88171565,94.583,AM,69.134,10.303
URM-Cn-4917,Montipora malampaya,133007,6079812.3,4393021.4,4911304.5,3224513.61140694,73.401,AM,89.447,24.795
URM-Cn-5775,Fungia spinifer,133008,4210962.9,1891394.3,3991838.3,1672269.73605974,88.415,AM,47.382,20.153
SLB-117488,Pocillopora ankeli,133011,6013436.6,4495754.3,5045766,3528083.73025934,78.476,AM,89.1,25.474
URM-Cn-4755,Acropora grandis,133013,14868490.4,11267053.2,12488881.1,8887443.97604444,78.88,AM,90.217,63.051
URM-Cn-4841,Acropora tenuis,133020,16157489.9,12278697.3,14030936.4,10152143.7487052,82.681,AM,87.512,70.837
URM-Cn-6062,Porites lichen,133023,14334370.9,6172007.5,13507477.3,5345113.97587959,86.603,AM,45.693,68.194
URM-Cn-5827,Merulina scabricula,133024,12740033.8,5208787,12140761.3,4609514.39706347,88.495,AM,42.903,61.294
URM-Cn-4850,Acropora vaughani,133025,13156443.7,9541216.8,11858137.9,8242910.95966563,86.393,AM,80.461,59.867
SLB-117486,Mycedium mancaoi,133026,8338177.6,2160621.3,7954051.3,1776494.92004689,82.221,AM,27.164,40.157
URM-Cn-5552,Favia rotumana,133029,15157966,3976410.8,14779452.5,3597897.36370355,90.481,AM,26.905,74.615
URM-Cn-4897,Montipora effusa,133031,13145746.4,11350225,8037868,6242346.61464725,77.662,IUCN,70.817,57.303
URM-Cn-5869,Lobophyllia flabelliformis,133032,9797816.1,8907043,6402082.1,5511309.0322627,86.086,IUCN,71.877,44.968
URM-Cn-4813,Acropora pulchra,133033,14857603.9,11340449.2,12710179.8,9193025.12578632,81.064,AM,89.223,64.169
SLB-189121,Cycloseris fragilis,133034,14187857.7,6706527.5,13501825.4,6020495.13923297,89.771,AM,49.671,68.165
SLB-117471,Cycloseris patelliformis,133034,14187857.7,6706527.5,13501825.4,6020495.13923297,89.771,AM,49.671,68.165
URM-Cn-6069,Porites nigrescens,133038,13298444.7,1796400.8,13261645,1759601.10252701,97.951,AM,13.546,66.953
URM-Cn-6135,Psammocora digitata,133043,14827185.1,12147658.4,12511815.2,9832288.52026874,80.94,AM,97.089,63.167
SLB-158820,Pocillopora ligulata,133045,6049610.4,5451341.3,1312501.1,714231.99055179,54.418,IUCN,24.077,27.522
URM-Cn-4861,Anacropora spinosa,133046,7825255.1,5869289.3,5934132.3,3978166.49996792,67.779,AM,98.907,29.959
URM-Cn-5887,Scolymia cubensis,133053,3019522.9,2433066.4,2705411.8,2118955.26007502,87.09,AM,89.933,13.659
URM-Cn-5564,Favites halicora,133055,13883561,6478114.4,13180761.3,5775314.73442107,89.151,AM,49.148,66.544
URM-Cn-5482,Euphyllia paradivisa,133057,4667711.8,2775251.3,4207260,2314799.50211918,83.409,AM,65.963,21.241
URM-Cn-5930,Echinophyllia echinata,133058,13005210.8,6137516.6,11507508.4,4639814.18690513,75.598,AM,53.335,58.097
URM-Cn-5617,Platygyra verweyi,133059,10525364.9,7265440.7,9199086.8,5939162.58495434,81.745,AM,78.98,46.442
URM-Cn-4899,Montipora florida,133064,5120605.3,3227050.9,4552550.2,2658995.8165426,82.397,AM,70.884,22.984
URM-Cn-4913,Montipora informis,133066,16718245,14039476.5,14520872.7,11842104.1742425,84.349,AM,96.685,73.31
URM-Cn-5601,Montastrea colemani,133070,11678643.5,9467492.7,8411294.3,6200143.56863205,73.712,IUCN,88.844,47.798
URM-Cn-4901,Montipora foliosa,133071,16462533.1,12788824,14051515.9,10377806.7669416,81.147,AM,91.014,70.94
URM-Cn-5873,Lobophyllia robusta,133076,13255901.3,10391042.7,9577099.3,6712240.74360122,70.086,IUCN,92.167,52.46
URM-Cn-4770,Acropora kirstyae,133081,8515328.5,5187806.8,7069203.9,3741682.26441688,72.125,AM,73.386,35.69
URM-Cn-6064,Porites lutea,133082,16436337.3,6450764.7,15874924.7,5889352.07415535,91.297,AM,40.635,80.146
SLB-62376,Barabattoia amicorum,133084,13414332,6565188,12677657.2,5828513.14607845,88.779,AM,51.785,64.004
URM-Cn-4836,Acropora subglabra,133087,11977938,9375094.3,10816297.7,8213453.94629897,87.609,AM,86.676,54.607
URM-Cn-5528,Echinopora lamellosa,133088,16037960.1,9499566.5,14756518.4,8218124.74637303,86.511,AM,64.375,74.5
URM-Cn-5935,Echinophyllia patula,133089,7690451.2,1891394.3,7504925.9,1705869.05109194,90.191,AM,25.202,37.889
URM-Cn-5587,Leptastrea purpurea,133090,16939098.9,10233777.7,15680692.4,8975371.20009738,87.703,AM,65.264,79.165
URM-Cn-4866,Astreopora incrustans,133092,8798476,7295308.9,5512070.7,4008903.68910479,72.73,IUCN,75.556,36.831
URM-Cn-6138,Psammocora nierstraszi,133094,15345407.2,11110862.3,12732681,8498136.07827607,76.485,AM,87.263,64.282
SLB-158798,Porites columnaris,133096,1585096.5,1375484.3,835443.1,625831.037053379,74.91,IUCN,60.738,6.944
SLB-117490,Pocillopora danae,133097,9090747.7,7533084.8,6383936.4,4826273.48685099,75.6,IUCN,84.745,38.031
URM-Cn-5977,Pocillopora elegans,133099,11075110.5,9261402.2,6638728.3,4825020.02609627,72.68,IUCN,71.682,46.757
URM-Cn-5849,Acanthastrea hillae,133106,13816056.1,9418372.6,12416498.7,8018815.21141143,85.14,AM,75.854,62.686
URM-Cn-5901,Galaxea acrhelia,133109,5944994,3750825.2,4484518.5,2290349.65355869,61.063,AM,83.639,22.641
URM-Cn-5750,Ctenactis crassa,133110,12271307,6126103.2,11426016.6,5280812.84365621,86.202,AM,53.615,57.685
SLB-61810,Montipora saudii,133111,506039.3,286318.5,488745.8,269025.098166782,93.96,AM,58.582,2.467
URM-Cn-4724,Acropora caroliniana,133112,8662637.1,7030440.4,5543233.9,3911037.18154519,70.555,IUCN,78.846,35.494
URM-Cn-4880,Montipora cactus,133113,6067057.3,4123881,4934734.4,2991558.01687234,72.542,AM,83.568,24.913
SLB-93474,Acropora retusa,133115,11803755.7,10010561.6,6528650,4735455.95696516,72.533,IUCN,65.218,50.539
SLB-61654,Acropora latistella,133120,16516553.5,12495180.5,13400753,9379380.05145875,75.064,AM,93.242,67.655
URM-Cn-6145,Siderastrea glynni,133121,114414,83966.4,30447.5,0,0,IUCN,36.262,0.424
SLB-158750,Dendrogyra cylindrus,133124,3095149.8,2359887.1,1976661.2,1241398.56300296,62.803,IUCN,83.761,11.914
URM-Cn-5896,Symphyllia valenciennesii,133127,16404506.3,13677552,13808612.1,11081657.8111753,81.021,AM,99.051,69.714
URM-Cn-4872,Astreopora ocellata,133129,13869320.4,10476922.3,11449364.1,8056966.0421412,76.902,AM,91.507,57.803
URM-Cn-4903,Montipora friabilis,133131,11415254.9,9091460.4,7498276.3,5174481.77840176,69.009,IUCN,82.476,45.899
URM-Cn-4714,Acropora aspera,133132,13542309.3,11995499.3,10985783.6,9438973.65925305,85.92,IUCN,91.583,60.56
URM-Cn-4708,Acropora abrolhosensis,133133,9013733.2,7498361.8,5178288.5,3662917.10819665,70.736,IUCN,69.059,37.856
URM-Cn-5592,Montastraea annularis,133134,3770257.7,3344431.7,2141157.7,1715331.65037662,80.112,IUCN,64.022,16.885
SLB-184813,Isopora palifera,133139,14961050.3,11222369.6,13045661.3,9306980.59754357,82.932,AM,86.024,65.862
URM-Cn-5096,Cladocora caespitosa,133142,1502646.5,1333772.6,1032310.8,863436.913869593,83.641,IUCN,77.398,6.734
W-Hyd-210726,Millepora alcicornis,133144,4123923.5,3143987.4,1971565.3,991629.149251076,50.297,IUCN,62.709,15.873
URM-Cn-5008,Stylocoeniella cocosensis,133145,6440945.1,5428185,4600458.6,3587698.47364941,77.986,IUCN,84.751,27.405
URM-Cn-5751,Ctenactis echinata,133148,13754703,10077614.7,12544894.2,8867805.8997759,87.995,AM,80.332,63.334
URM-Cn-5542,Favia lacuna,133151,640540.2,286202.2,623335.1,268997.014978553,93.988,AM,45.915,3.147
URM-Cn-5872,Lobophyllia pachysepta,133152,12405218.6,9900375.7,10361901.3,7857058.44652058,79.361,AM,95.546,52.313
URM-Cn-5889,Scolymia vitiensis,133157,14204027.8,12775297.6,9749293.1,8320562.99282527,85.345,IUCN,76.314,64.497
URM-Cn-5787,Podabacia crustacea,133158,14787159.5,10377509.3,12474036.7,8064386.53389641,77.71,AM,83.193,62.976
URM-Cn-4715,Acropora austera,133160,15812518.4,11944364.2,12923431.6,9055277.34929456,75.812,AM,92.424,65.245
URM-Cn-5610,Platygyra contorta,133161,8806036.4,3972423.8,7781611.6,2947998.9982114,74.212,AM,51.049,39.286
URM-Cn-5921,Oculina varicosa,133165,2657620.8,1657570.2,2506096.1,1506045.49921892,90.859,AM,66.142,12.652
URM-Cn-5993,Stylophora mamillata,133169,1060228.9,833725.5,835443.1,608939.807438449,73.038,AM,99.794,4.218
SLB-62815,Echinophyllia aspera,133172,16111264.6,9456404.7,15027282.7,8372422.76746821,88.537,AM,62.928,75.867
URM-Cn-4896,Montipora efflorescens,133175,16196113.1,12778718.8,13646018,10228623.6569365,80.044,AM,93.644,68.893
SLB-117467,Coscinaraea exesa,133176,11811457.4,7189433.2,10574194.3,5952170.01363855,82.791,AM,67.99,53.385
URM-Cn-5472,Turbinaria patula,133177,10944566.7,6419322,10213256.6,5688011.89605542,88.608,AM,62.853,51.563
SLB-184808,Isopora brueggemanni,133182,13914874.2,10294916.3,10026454.4,6406496.51995508,63.896,IUCN,97.392,51.975
URM-Cn-5761,Fungia granulosa,133183,13664476.6,5994876.8,12904605.5,5235005.64431155,87.325,AM,46.455,65.15
URM-Cn-4900,Montipora floweri,133186,15318205.5,12323396.1,12226048.4,9231239.03056509,75.505,IUCN,99.21,62.216
URM-Cn-5947,Oxypora glabra,133192,10156005,2999712.1,9731317.4,2575024.56424342,85.842,AM,30.825,49.129
W-Oct-210725,Heliopora coerulea,133193,16881541.4,8485223.6,14984175.8,6587857.99675194,77.639,AM,56.628,75.649
URM-Cn-4893,Montipora digitata,133194,14424027.8,11638431.6,12124347.8,9338751.62409428,80.241,AM,95.992,61.211
SLB-93690,Acropora appressa,133195,1594725,1264631.7,1408688.4,1078595.00180115,85.289,AM,89.774,7.112
URM-Cn-5984,Pocillopora verrucosa,133197,18022464.5,15350510.3,15868599.4,13196645.1884846,85.969,AM,96.735,80.114
URM-Cn-5606,Oulophyllia crispa,133200,14656096.6,6344008.3,13865523.3,5553434.95600219,87.538,AM,45.754,70.001
URM-Cn-4840,Acropora tenella,133203,10517140.1,9913989.4,4543461.3,3940310.60163898,86.725,IUCN,45.829,50.052
URM-Cn-4819,Acropora roseni,133206,646186.6,417487.8,449539.3,220840.463095103,52.897,AM,92.87,2.27
URM-Cn-5567,Favites pentagona,133209,15338083.8,8618118.4,14209664.6,7489699.18850513,86.906,AM,60.65,71.739
URM-Cn-5554,Favia speciosa,133210,17292133.7,13384619.6,15372491.1,11464977.0042696,85.658,AM,87.069,77.609
URM-Cn-5915,Oculina diffusa,133212,2554325.4,2057589.7,2002238.4,1505502.75756797,75.191,IUCN,97.31,10.388
URM-Cn-5786,Lithophyllon undulatum,133213,7580864.8,2547098.7,7311167.9,2277401.71865093,89.412,AM,34.838,36.911
SLB-117470,Cycloseris erosa,133215,16418537.6,11404826,12486836.6,7473124.93952912,65.526,AM,91.335,63.041
SLB-118752,Cycloseris tenuis,133215,16418537.6,11404826,12486836.6,7473124.93952912,65.526,AM,91.335,63.041
URM-Cn-5777,Fungia tenuis,133215,16418537.6,11404826,12486836.6,7473124.93952912,65.526,AM,91.335,63.041
URM-Cn-6063,Porites lobata,133216,16921115.3,5724547.2,15847748.3,4651180.11327695,81.25,AM,36.122,80.009
SLB-158789,Meandrina danae,133217,2760172.3,2354492.7,2000252.9,1594573.35056883,79.719,IUCN,84.955,11.887
URM-Cn-4975,Pachyseris foliosa,133218,5244561.3,4248130.4,3518340.3,2521909.44961286,71.679,IUCN,82.821,21.447
URM-Cn-5486,Nemenzophyllia turbida,133219,6167088.2,4128052,5284605.2,3245568.93854483,78.622,AM,78.115,26.68
URM-Cn-4882,Montipora caliculata,133220,13304588.9,11449308.4,11246829.9,9391549.37227548,83.504,IUCN,98.232,57.803
URM-Cn-5975,Pocillopora damicornis,133222,19393050.5,11399100,15765060.1,7771109.56226658,68.173,AM,72.306,79.591
URM-Cn-4740,Acropora donei,133223,11859721.3,8128143.1,10892026.2,7160447.93085152,88.095,AM,74.625,54.989
SLB-93757,Astreopora expansa,133227,14302197.2,10753997.9,11797580.3,8249381.05258598,76.71,AM,91.154,59.561
SLB-117474,Cycloseris vaughani,133230,13829805.4,6011735,12618296.1,4800225.64742331,79.848,AM,47.643,63.705
URM-Cn-5517,Diploastrea heliopora,133231,15115169.6,10725560.1,13342394.1,8952784.53847003,83.471,AM,80.387,67.36
URM-Cn-4769,Acropora kimbeensis,133233,8328791.2,6679606.3,6018003.7,4368818.84108432,72.596,IUCN,90.095,33.723
URM-Cn-5907,Galaxea paucisepta,133236,6077885.7,2302536.2,5815995.9,2040646.39285055,88.626,AM,39.59,29.363
SLB-62474,Montastraea cavernosa,133237,7103201,6839159.7,3548164,3284122.77336886,92.558,IUCN,51.88,34.528
URM-Cn-4909,Montipora hispida,133238,15961073.9,13000469.4,13149855.2,10189250.6982485,78.376,AM,98.864,66.388
URM-Cn-4792,Acropora nasuta,133239,16799772.9,12720633.4,14529843.2,10450703.7111866,82.156,AM,87.548,73.355
URM-Cn-4982,Pavona clavus,133240,17578180.8,14958757.8,14635475.3,12016052.4001673,82.102,IUCN,97.839,75.521
URM-Cn-4989,Pavona frondifera,133242,16339786.3,13487624.3,10583238.6,7731076.61028658,73.05,IUCN,78.466,68.094
URM-Cn-5563,Favites flexuosa,133244,15206553.2,5169894.3,14746027.8,4709368.93001913,91.092,AM,35.06,74.447
URM-Cn-5846,Acanthastrea echinata,133246,17502831.9,14758379.5,14844139.3,12099686.9328172,81.985,AM,99.422,74.942
URM-Cn-4816,Acropora robusta,133248,15961582.9,12001813.4,13714029.1,9754259.62062655,81.273,AM,87.515,69.237
URM-Cn-4738,Acropora digitifera,133250,16245293.8,12217911,13901010.5,9873627.71018831,80.813,AM,87.892,70.181
URM-Cn-5996,Stylophora wellsi,133251,1677275.6,1438893.3,962227.8,723845.460509052,75.226,IUCN,66.873,7.264
URM-Cn-4846,Acropora tortuosa,133252,5922631.6,3014985.2,5225654.7,2318008.31371337,76.883,AM,57.696,26.382
URM-Cn-5860,Blastomussa wellsi,133253,14701291.1,12462962.5,10828076.7,8589748.09784503,79.328,IUCN,86.882,62.92
URM-Cn-4953,Agaricia humilis,133255,2187342,1848017.4,2047082.7,1707758.11122587,92.41,AM,90.276,10.335
URM-Cn-5481,Euphyllia glabrescens,133256,15791876.1,13249830.4,13813097.2,11271051.4495878,85.066,AM,95.922,69.737
URM-Cn-5495,Plerogyra sinuosa,133258,15039289.8,8887308.7,13589321.2,7437340.11248505,83.685,AM,65.399,68.607
URM-Cn-6149,Trachyphyllia geoffroyi,133260,19490498.7,18838082.7,12484397.7,11831981.6664614,94.774,IUCN,66.272,95.106
URM-Cn-4983,Pavona danai,133261,8296315.5,6538641.1,5933195.5,4175521.06078188,70.376,IUCN,90.74,33.011
URM-Cn-4868,Astreopora listeri,133267,13788152.7,11063606,11051082.2,8326535.50258078,75.346,IUCN,99.887,55.856
URM-Cn-5782,Heliofungia actiniformis,133269,11061624.5,7694004.6,8104306.1,4736686.23198063,61.563,AM,94.937,40.915
URM-Cn-4824,Acropora sarmentosa,133271,12221630.5,9185327.1,10642470.6,7606167.0896485,82.808,AM,86.308,53.73
URM-Cn-5954,Pectinia paeonia,133272,12183143.4,6425246.6,11437230.8,5679334.03874341,88.391,AM,56.178,57.742
URM-Cn-6040,Porites australiensis,133277,13609718.6,4707547.5,12494438,3592266.91427666,76.309,AM,37.677,63.079
URM-Cn-5963,Madracis formosa,133281,2286070.6,1907664.3,2114485.7,1736079.36175921,91.005,AM,90.219,10.675
URM-Cn-4718,Acropora batunai,133283,6426784.1,4996026.4,5278412.9,3847655.22861528,77.014,AM,94.65,26.649
URM-Cn-5620,Plesiastrea versipora,133284,18793087.1,14814190.3,16029554.2,12050657.4478581,81.345,AM,92.418,80.927
SLB-117478,Euphyllia paraancora,133289,7723959.1,5521310,6105791.6,3903142.53610091,70.692,AM,90.427,30.826
URM-Cn-5560,Favites abdita,133290,15852519,6200353,15294635.5,5642469.46533229,91.002,AM,40.539,77.216
URM-Cn-4835,Acropora striata,133291,9927410.3,7946522.1,5369524.7,3388636.52750463,63.109,IUCN,67.571,40.119
URM-Cn-4871,Astreopora myriophthalma,133292,16552451.7,12575550.9,14429878.5,10452977.7744464,83.121,AM,87.149,72.851
URM-Cn-4942,Montipora turgescens,133298,16793507,14284557.1,14304871.7,11795921.8582273,82.578,AM,99.858,72.219
SLB-117472,Cycloseris sinensis,133299,11115720.8,4792488.2,10423683.3,4100450.63238177,85.56,AM,45.977,52.625
URM-Cn-4865,Astreopora gracilis,133302,14594384.2,11436157.5,11093325,7935098.24053921,71.53,IUCN,97.002,57.737
URM-Cn-5870,Lobophyllia hataii,133304,15616492.5,12936495.3,12678735.4,9998738.12697006,78.862,IUCN,98.007,65.311
URM-Cn-5553,Favia rotundata,133307,13737902.9,9417050.4,11655342.7,7334490.15021554,77.885,AM,80.796,58.843
URM-Cn-5981,Pocillopora inflata,133309,696748.6,623494,283513.7,210259.073671369,74.162,IUCN,45.472,3.148
URM-Cn-4733,Acropora cytherea,133313,16372919.3,12791540.1,13832004.6,10250625.3884127,80.136,AM,92.478,69.832
URM-Cn-4788,Acropora monticulosa,133315,15183143.7,11087822.2,12718422.4,8623100.87023382,77.771,AM,87.179,64.21
URM-Cn-4760,Acropora horrida,133319,16510207.3,12662130.7,14145107,10297030.4703299,81.321,AM,89.516,71.413
URM-Cn-4830,Acropora solitaryensis,133320,11845117.5,9270942.8,10095657.2,7521482.499204,81.13,AM,91.831,50.969
URM-Cn-4752,Acropora gemmifera,133324,16340030.7,12399598.9,13461248.3,9520816.52352715,76.783,AM,92.113,67.96
URM-Cn-5510,Cyphastrea chalcidicum,133325,14976853,8394775.6,14011701.9,7429624.51996013,88.503,AM,59.913,70.739
URM-Cn-4779,Acropora lovelli,133327,8128025.8,5218773.9,5862100.3,2952848.40394505,56.581,AM,89.026,29.595
URM-Cn-6079,Porites stephensoni,133329,16113362.1,10967233.1,11468074.6,6321945.64146947,57.644,AM,95.633,57.898
URM-Cn-5605,Oulophyllia bennettae,133333,12391674.9,6087730.6,11608516.8,5304572.55096542,87.135,AM,52.442,58.607
URM-Cn-5826,Merulina ampliata,133337,16146789.3,12947529.8,13658584,10459324.5487302,80.782,AM,94.794,68.957
URM-Cn-5897,Symphyllia wilsoni,133340,1127438.9,627907,1100513.9,600981.987948859,95.712,AM,57.056,5.556
URM-Cn-5569,Favites russelli,133343,14084551.4,4556658.7,13573765.3,4045872.59459761,88.79,AM,33.57,68.528
URM-Cn-4941,Montipora tuberculosa,133345,17267626.8,14858719.5,14799793.5,12390886.2106747,83.723,IUCN,99.603,75.016
SLB-93322,Acropora variolosa,133348,1516051.1,1159122.3,959098.8,602170.081866871,62.785,IUCN,82.744,5.852
URM-Cn-6044,Porites compressa,133349,8111631.8,8089581.7,166888.7,144838.631615001,86.788,IUCN,2.063,40.841
URM-Cn-4967,Leptoseris mycetoseroides,133351,17850549.9,14622025.6,14968851.8,11740327.5902174,80.292,AM,97.683,75.572
URM-Cn-4783,Acropora microclados,133359,14188386.1,10857516.2,10713665.2,7382795.38683936,68.91,IUCN,98.675,54.815
URM-Cn-4979,Pavona bipartita,133360,11819788.3,7434044.1,9505116.3,5119372.15060706,68.864,AM,78.211,47.987
URM-Cn-5574,Goniastrea edwardsi,133365,14680053.7,6422700.8,13913697.7,5656344.86002608,88.068,AM,46.161,70.245
URM-Cn-5851,Acanthastrea lordhowensis,133366,14488380.8,12148609.1,10681216.9,8341445.23361449,78.095,IUCN,87.921,61.333
SLB-158808,Porites profundus,133370,5154341.2,3978884.3,2551664.4,1376207.59002809,53.934,IUCN,64.13,20.088
URM-Cn-5757,Fungia distorta,133371,14114822.6,8056901.6,13000101.5,6942180.46261725,86.164,AM,61.976,65.632
URM-Cn-5791,Polyphyllia novaehiberniae,133372,3745980.2,2894418.3,2260296.6,1408734.71335318,62.325,IUCN,78.092,14.613
URM-Cn-4888,Montipora corbettensis,133375,9193244.5,7687268.8,7071902.6,5565926.89166659,78.705,IUCN,91.995,38.81
URM-Cn-5850,Acanthastrea ishigakiensis,133376,14208401.8,12631440.5,8854512.7,7277551.39083439,82.19,IUCN,70.099,63.771
URM-Cn-5518,Diploria clivosa,133377,2272435.2,1871865.2,1990523,1589953.03240311,84.94,AM,94.039,10.049
URM-Cn-4726,Acropora cervicornis,133381,2112218.3,1472727.8,2024447.5,1384956.9333919,94.04,AM,72.747,10.221
SLB-62731,Acanthastrea rotundoflora,133386,13730208.1,11423294.1,9224297.5,6917383.5622795,74.991,IUCN,80.75,57.672
SLB-93466,Acropora globiceps,133387,9368361.5,7178272.2,6939834.4,4749745.05447007,68.442,IUCN,96.678,36.24
URM-Cn-5543,Favia laxa,133392,14921616.7,11285903.2,12296410.2,8660696.66586809,76.739,AM,91.782,62.08
URM-Cn-6073,Porites porites,133395,3986525.9,2959806.1,2870785.1,1844065.35827286,64.236,IUCN,96.992,14.943
URM-Cn-4737,Acropora desalwii,133396,5591969.4,2970144,5278412.9,2656587.49937901,89.443,AM,56.27,26.649
URM-Cn-4994,Pavona varians,133398,18691198.3,16262006.6,15744300.2,13315108.4972491,84.571,IUCN,96.816,82.1
URM-Cn-5815,Eusmilia fastigiata,133400,2448197.8,2095556.8,2019191.9,1666550.85517283,82.536,IUCN,96.356,10.58
URM-Cn-4759,Acropora hoeksemai,133401,5253942.7,3506476.6,4503583.1,2756116.95036719,78.601,AM,77.86,22.737
URM-Cn-4833,Acropora squarrosa,133402,2564599.7,2171481.5,1932990.7,1539872.55363038,79.663,IUCN,89.017,10.963
URM-Cn-5476,Turbinaria stellulata,133403,14254517.8,6236825.8,13522148.4,5504456.50963842,88.257,AM,46.123,68.268
SLB-62382,Caulastrea tumida,133405,12553104.8,8732604.4,11093741.3,7273240.90742244,83.288,AM,78.716,56.008
URM-Cn-6137,Psammocora haimeana,133406,16607992.7,12366131.2,14689523.6,10447662.1516716,84.486,AM,84.183,74.161
URM-Cn-6130,Coscinaraea wellsi,133408,12701748.6,8052665.6,10700042.5,6050959.50362675,75.142,AM,75.258,54.02
URM-Cn-4948,Montipora verruculosus,133409,6156780.5,3728935.2,5535906,3108060.73071141,83.35,AM,67.359,27.949
URM-Cn-4978,Pachyseris speciosa,133410,16350622.9,13297048.4,13913926.6,10860352.150207,81.675,AM,95.566,70.246
URM-Cn-5816,Gyrosmilia interrupta,133412,2792224.2,2503111.2,1547106.7,1257993.76591984,81.313,IUCN,61.807,12.637
URM-Cn-5578,Goniastrea pectinata,133414,15110887.6,6185208.2,14445314.1,5519634.71182343,89.239,AM,42.818,72.929
URM-Cn-4859,Anacropora puertogalerae,133415,10008040.5,8155007.9,7564767,5711734.41853963,75.504,IUCN,92.762,41.171
URM-Cn-4886,Montipora circumvallata,133416,1115595.2,815971,921868.1,622243.780116209,76.258,AM,88.513,4.654
SLB-62381,Caulastrea furcata,133417,13520273,11768652.8,9378688.3,7627068.06748467,81.323,IUCN,79.692,59.415
URM-Cn-5871,Lobophyllia hemprichii,133419,16534752.1,12935541.9,14112424.4,10513214.2525172,81.274,AM,91.661,71.248
URM-Cn-4906,Montipora grisea,133420,14677463.1,11498560.9,11423801.2,8244898.97769867,72.173,IUCN,99.35,58.052
URM-Cn-4884,Montipora capricornis,133422,14216890.6,11910168.1,9014619.1,6707896.64691314,74.411,IUCN,75.688,60.13
SLB-117481,Fungia klunzingeri,133423,16870304.4,12905467.3,13054241.3,9089404.25505911,70.431,AM,98.86,65.906
SLB-117480,Fungia danai,133423,16870304.4,12905467.3,13054241.3,9089404.25505911,70.431,AM,98.86,65.906
URM-Cn-5764,Fungia horrida,133423,16870304.4,12905467.3,13054241.3,9089404.25505911,70.431,AM,98.86,65.906
URM-Cn-6122,Coscinaraea columna,133428,17459157.3,14492324,14773208.9,11806375.5950752,81.466,AM,98.099,74.584
URM-Cn-5526,Echinopora horrida,133429,10805101.5,5908504.9,9638104.6,4741507.95608511,80.249,AM,61.304,48.659
URM-Cn-4832,Acropora spicifera,133432,11803716.4,9737908.2,8623895.6,6558087.38242876,76.046,IUCN,88.56,49.163
URM-Cn-4889,Montipora crassituberculata,133433,12290217.6,9346950.2,10413261,7469993.70742331,79.919,AM,89.76,52.572
URM-Cn-5765,Fungia moluccensis,133437,12198956.6,6737668.6,10151209.9,4689921.95581185,69.607,AM,66.373,51.249
SLB-61834,Agaricia tenuifolia,133439,2433462.2,2285969.3,1028635.6,881142.666230752,85.661,IUCN,44.998,11.541
URM-Cn-5614,Platygyra pini,133440,14034880.5,6250828.4,13536906,5752853.77906557,92.033,AM,46.176,68.342
URM-Cn-5948,Oxypora lacera,133442,14921560.4,6595164.5,13900883.8,5574488.00657988,84.524,AM,47.444,70.18
URM-Cn-4879,Montipora australiensis,133443,13997655.7,11768082.1,9275449.9,7045876.32628932,75.963,IUCN,78.819,59.412
SLB-117477,Echinophyllia taylorae,133447,5319615.9,2780526.3,4879271.5,2340181.88310142,84.163,AM,56.987,24.633
URM-Cn-4943,Montipora turtlensis,133450,11022822,8316206.5,8838302,6131686.52486936,73.732,AM,94.093,44.621
URM-Cn-4891,Montipora danae,133451,16491461.4,13746971.7,13530300.5,10785810.8381158,79.716,IUCN,98.424,69.403
URM-Cn-5877,Mussa angulosa,133457,2208407.8,1639219.6,1990175.6,1420987.43581728,86.687,AM,82.366,10.048
URM-Cn-5823,Hydnophora microconos,133458,16221003.7,10115708.3,14726821.6,8621526.21744599,85.229,AM,68.689,74.35
SLB-93100,Montipora cocosensis,133460,11438816.2,10243661.7,5202042.2,4006887.7231324,77.025,IUCN,50.783,51.716
URM-Cn-5612,Platygyra daedalea,133468,17437506.8,13096659.1,15751307.1,11410459.3889551,87.125,AM,83.146,79.522
SLB-158790,Micromussa amakusensis,133470,12892500.6,10851304.7,8532607.3,6491411.44265539,76.078,IUCN,78.632,54.784
URM-Cn-5891,Symphyllia agaricia,133474,15882957.6,13214286,13419311.2,10750639.6297011,81.356,AM,98.472,67.749
URM-Cn-5821,Hydnophora exesa,133478,16137323.5,9876921.6,15179095.6,8918693.68465464,90.298,AM,65.069,76.633
URM-Cn-4762,Acropora hyacinthus,133479,16337612,12106214.7,13972957,9741559.6778044,80.467,AM,86.64,70.544
URM-Cn-4727,Acropora chesterfieldensis,133481,3784862.7,2923997.4,3038784.4,2177918.98945571,74.484,AM,96.223,15.342
SLB-158735,Anomastraea irregularis,133484,2879717.6,2299966.4,2384692.6,1804941.42771546,78.477,AM,96.447,12.039
SLB-93759,Astreopora randalli,133485,10317374.5,8633536.5,7248541.6,5564703.63957568,76.77,IUCN,83.958,43.587
SLB-62813,Pectinia africanus,133488,1256873.6,952105.1,1141511.3,836742.794020672,87.883,AM,83.407,5.763
URM-Cn-4892,Montipora delicatula,133489,5408963.9,3337233,4852646.8,2780915.86259684,83.33,AM,68.771,24.499
URM-Cn-6075,Porites rus,133492,18053345.9,16337735.7,13700282.2,11984672.0536356,87.478,IUCN,83.857,82.483
SLB-62496,Platygyra ryukyuensis,133493,12871347.4,6715320.1,11567898.4,5411871.01937796,80.59,AM,58.051,58.402
SLB-93535,Acropora papillare,133494,7004595,3871367.4,6480350.8,3347123.10197628,86.458,AM,59.74,32.717
SLB-117483,Galaxea horrescens,133495,11030654.9,8470952.2,9436391.2,6876688.51291717,81.18,AM,89.769,47.641
SLB-62380,Caulastrea echinulata,133497,9958284.7,8256264.9,7347447.7,5645427.90084149,76.835,IUCN,88.992,41.683
URM-Cn-5473,Turbinaria peltata,133498,15207804.7,9603620.7,13854932.4,8250748.31795041,85.913,AM,69.316,69.948
URM-Cn-4771,Acropora kosurini,133500,3894584.8,2645086.6,2442948.8,1193450.61639568,48.853,IUCN,92.358,13.354
URM-Cn-6142,Psammocora superficialis,133502,18277646.9,14883064.8,15198410.3,11803828.1192771,79.31,AM,97.925,76.731
URM-Cn-6055,Porites furcata,133504,2636931.7,2093122.7,2116473.7,1572664.6776499,75.135,AM,98.897,10.685
URM-Cn-5789,Podabacia motuporensis,133509,10048430.2,4815578.7,9432568.5,4199716.97153868,87.211,AM,51.053,47.621
URM-Cn-5916,Oculina patagonica,133511,1656195.4,1369547.6,1610130.2,1323482.34592883,96.636,AM,85.058,8.129
URM-Cn-4712,Acropora anthocercis,133513,15034006.5,11366419.6,11851458.6,8183871.68679703,72,AM,95.907,59.833
URM-Cn-5556,Favia truncatus,133516,13075202.4,10441379.8,10696879.5,8063057.01962352,77.222,AM,97.611,54.004
URM-Cn-5006,Stephanocoenia intersepta,133521,5846473.4,5557789.2,2129797,1841112.81107125,86.445,IUCN,38.321,28.059
URM-Cn-4959,Helioseris cucullata,133522,2805175.1,2339933.5,2110915.3,1645673.73784407,77.96,IUCN,90.213,11.813
URM-Cn-4920,Montipora monasteriata,133525,16859880.1,14549078.2,14364926.3,12054124.4092499,83.914,IUCN,98.734,73.452
URM-Cn-5859,Blastomussa merleti,133528,14926306.9,12635962.8,12368940.5,10078596.4686186,81.483,IUCN,97.887,63.794
SLB-117551,Stylophora subseriata,133530,14072782.4,12578054.3,8687371.5,7192643.42919548,82.794,IUCN,69.068,63.501
URM-Cn-4851,Acropora verweyi,133532,15007917.6,12636811,12298269.5,9927162.97757776,80.72,IUCN,97.321,63.798
URM-Cn-5986,Pocillopora zelli,133534,2776210.5,2159967.3,1853894,1237650.79555881,66.76,IUCN,85.83,10.905
URM-Cn-4950,Agaricia agaricites,133535,4209454.8,3665614.7,2646209.9,2102369.73289323,79.448,IUCN,72.19,18.506
SLB-62668,Sandalolitha africana,133538,15689047.1,10954124.4,14023555.6,9288632.88220888,84.796,AM,78.112,70.799
SLB-62658,Herpolitha limax,133538,15689047.1,10954124.4,14023555.6,9288632.88220888,84.796,AM,78.112,70.799
SLB-117484,Herpolitha weberi,133538,15689047.1,10954124.4,14023555.6,9288632.88220888,84.796,AM,78.112,70.799
SLB-158796,Porites brighami,133543,214535.8,152986,166888.7,105338.95390168,68.855,AM,91.67,0.843
SLB-62704,Paraclavarina triangularis,133545,8398052.6,5179362.3,6805879.6,3587189.33035653,69.259,AM,76.101,34.36
URM-Cn-4855,Acropora yongei,133547,14188834.5,10790659.6,11231818.5,7833643.63780254,72.597,AM,96.072,56.705
URM-Cn-5007,Stylocoeniella armata,133548,16244351.7,14020944.6,12505346.3,10281939.1777426,82.22,IUCN,89.19,70.786
URM-Cn-5865,Lobophyllia corymbosa,133551,16326282.6,13052558.8,13887116.9,10613393.0734919,81.313,AM,93.99,70.11
URM-Cn-4935,Montipora spumosa,133556,16118250.5,12713929.3,13492621.8,10088300.5347762,79.348,AM,94.229,68.119
SLB-158238,Acanthastrea brevis,133557,11609421.5,9611389.3,7932334.2,5934302.04449584,74.812,IUCN,82.531,48.524
URM-Cn-5577,Goniastrea palauensis,133560,14554974.5,11841030,12146464.2,9432519.68865614,79.66,AM,97.485,61.323
URM-Cn-4927,Montipora peltiformis,133563,15318519.5,13404608.1,12298742.4,10384830.9854411,84.438,IUCN,91.75,67.674
URM-Cn-5886,Scolymia australis,133566,9612932.5,5910677.2,7041849.8,3339594.46948456,56.501,AM,83.936,35.551
URM-Cn-5538,Favia favus,133569,17613983.3,15081507.3,15565802.2,13033326.10569,86.419,AM,96.889,78.585
URM-Cn-6140,Psammocora profundacella,133570,17588767.7,14380207.9,14797462.3,11588902.4844633,80.589,AM,97.18,74.706
URM-Cn-5609,Platygyra carnosus,133571,7302968.8,3813101.5,6321045.7,2831178.41126192,74.249,AM,60.324,31.912
SLB-158797,Porites pukoensis,133574,5883085.3,5877327.5,17244.5,11486.7693525917,66.611,IUCN,0.293,29.672
SLB-61985,Cladocora arbuscula,133575,3078064.3,2675740.9,2261897.3,1859573.90013721,82.213,IUCN,84.533,13.509
URM-Cn-4985,Pavona diffluens,133581,1720861.5,1321229.8,1619015,1219383.32007271,92.292,AM,81.607,8.174
SLB-62826,Oxypora crassispinosa,133582,7670306.7,1891394.3,7487924.8,1709012.43238073,90.357,AM,25.259,37.803
SLB-158799,Porites divaricata,133584,2526747.8,1666799.3,2012224.5,1152276.00719272,69.131,AM,82.834,10.159
URM-Cn-5794,Sandalolitha dentata,133587,10412415.5,5743950.1,9044038,4375572.70563282,76.177,AM,63.511,45.66
URM-Cn-6136,Psammocora explanulata,133589,14789468.1,11368502.2,11593202,8172236.10642358,71.885,AM,98.062,58.529
URM-Cn-6147,Siderastrea savignyana,133590,13006029.1,10971471.1,8011118.6,5976560.59571707,74.603,IUCN,73.018,55.391
URM-Cn-5864,Isophyllia sinuosa,133591,2163874.9,1220564.9,1991121.6,1047811.61559488,85.846,AM,61.3,10.052
W-Hyd-210730,Millepora platyphylla,133595,17607851.3,12507879.7,14293448.3,9193476.72779574,73.501,AM,87.508,72.162
URM-Cn-5746,Cantharellus doederleini,133597,2244708.6,1929694.9,874499.8,559486.011014962,63.978,IUCN,45.318,9.742
URM-Cn-4944,Montipora undata,133599,14871470.4,11763470.1,12271102.6,9163102.2301956,77.895,AM,95.863,61.952
URM-Cn-4713,Acropora arabensis,133604,2339896.3,2179691.5,548496.8,388292.067755304,70.792,IUCN,25.164,11.004
URM-Cn-5895,Symphyllia recta,133606,15099661.6,12407498.3,13134740.8,10442577.4803909,84.163,AM,94.463,66.312
URM-Cn-6020,Goniopora minor,133607,13774198.9,1920980.3,13712873.5,1859654.92689897,96.808,AM,14.009,69.231
URM-Cn-5972,Madracis senaria,133611,1958377.4,1178075.4,1804521.8,1024219.70132184,86.94,AM,65.285,9.11
URM-Cn-6077,Porites solida,133613,18828670.6,17259171,14618032.9,13048533.3012748,89.263,IUCN,84.697,87.135
SLB-62852,Seriatopora guttatus,133614,11492427.8,9929483.2,7197380.3,5634435.75074559,78.285,IUCN,72.485,50.13
URM-Cn-5868,Lobophyllia diminuta,133619,11559456.1,9224287.9,7243263.4,4908095.14873992,67.761,IUCN,78.524,46.57
URM-Cn-4849,Acropora valenciennesi,133621,15489816.4,11754977.1,13852441.6,10117602.2573729,86.071,AM,84.859,69.935
URM-Cn-4883,Montipora capitata,133622,12422460.1,11513320.7,6833784.2,5924644.72285127,86.696,IUCN,59.355,58.126
URM-Cn-5534,Erythrastrea flabellata,133631,1201914.9,1038768,604494.5,441347.566470351,73.011,IUCN,58.193,5.244
URM-Cn-5471,Turbinaria mesenterina,133633,16473086.4,10098760.1,15539205.9,9164879.6061735,90.753,AM,64.989,78.451
URM-Cn-5580,Goniastrea retiformis,133634,15107945.8,7835919.5,14149149.2,6877122.8530792,87.764,AM,55.381,71.433
URM-Cn-4964,Leptoseris gardineri,133636,12417714.3,10990461.6,8955304.2,7528051.49741771,84.062,IUCN,81.483,55.486
URM-Cn-5980,Pocillopora indiania,133637,1133688.9,926648.4,902941,695900.49346675,77.07,IUCN,97.442,4.678
URM-Cn-5546,Favia maritima,133638,11523698.8,5915638,10521516.4,4913455.61261211,83.059,AM,56.224,53.119
URM-Cn-4806,Acropora pichoni,133639,9673775.2,8485938.4,5708155.3,4520318.4821179,79.191,IUCN,67.266,42.842
URM-Cn-5848,Acanthastrea hemprichii,133642,13606076.9,10963518.4,10172057,7529498.52635739,74.021,IUCN,92.781,55.35
SLB-184819,Porites somaliensis,133645,8941386.6,8847786.2,601154.9,507554.514300677,84.43,IUCN,6.794,44.669
URM-Cn-4947,Montipora verrucosa,133646,19807493.7,19189071.3,14476160.6,13857738.241712,95.728,IUCN,75.44,96.878
URM-Cn-4809,Acropora polystoma,133647,13729106.3,9515981.6,11564999.7,7351875.05361317,77.258,AM,82.283,58.387
URM-Cn-5514,Cyphastrea microphthalma,133648,16079947.6,9626080.1,15034125.4,8580257.87073172,89.136,AM,64.028,75.901
SLB-93391,Acropora abrotanoides,133649,18008502.9,15927158.7,13564935,11483590.7729707,84.656,IUCN,85.169,80.41
URM-Cn-4734,Acropora danai,133649,18008502.9,15927158.7,13564935,11483590.7729707,84.656,IUCN,85.169,80.41
URM-Cn-5613,Platygyra lamellina,133651,14859012.1,5481043.2,14191429.3,4813460.33365085,87.82,AM,38.622,71.647
URM-Cn-5561,Favites chinensis,133654,14215077.8,7205978.2,13203169.7,6194070.03092356,85.957,AM,54.578,66.657
URM-Cn-5991,Stylophora kuehlmanni,133659,1060228.9,833725.5,835443.1,608939.807438449,73.038,AM,99.794,4.218
SLB-184810,Isopora cuneata,133660,13431987.2,10646700.1,10540561.3,7755274.22108779,73.576,IUCN,99.003,53.751
URM-Cn-5905,Galaxea fascicularis,133662,16018172.6,9580460.1,14721180.9,8283468.3159105,86.462,AM,65.079,74.321
URM-Cn-5581,Goniastrea thecata,133665,712688.7,286202.2,695483.6,268997.014978553,93.988,AM,41.152,3.511
URM-Cn-4785,Acropora millepora,133666,13332834.6,8398109.3,12325545.9,7390820.533314,88.006,AM,68.136,62.227
URM-Cn-6030,Goniopora stokesi,133668,14282350.2,5013228.4,13755223.1,4486101.3421697,89.485,AM,36.446,69.445
URM-Cn-5766,Fungia paumotensis,133673,14414534.6,10685983.4,12869999.1,9141447.95141225,85.546,AM,83.03,64.975
URM-Cn-4919,Montipora mollis,133674,16797355.7,14260712.7,13716951.9,11180308.9535284,81.507,IUCN,96.187,71.997
URM-Cn-6143,Psammocora vaughani,133676,4164869.3,3467875.1,1430785,733790.80413409,51.286,IUCN,41.258,17.508
URM-Cn-5428,Heteropsammia cochlea,133679,15383342.4,10826368.9,13586621.8,9029648.35640188,83.404,AM,79.684,68.593
URM-Cn-6038,Porites astreoides,133680,5381331,3486224.3,3567070.5,1671963.86932026,47.959,AM,97.734,18.009
SLB-93593,Acropora subulata,133682,14191752.2,9943811.7,12005544.2,7757603.73116467,78.014,AM,82.827,60.611
URM-Cn-5995,Stylophora pistillata,133685,16939572.1,13954228.3,14296446.7,11311102.9024217,81.059,AM,97.606,72.177
URM-Cn-4961,Leptoseris cailleti,133686,2079449.1,1271905.8,1997175.4,1189632.05991641,93.531,AM,63.685,10.083
URM-Cn-5513,Cyphastrea japonica,133690,6626627.8,1678089.5,6550280.3,1601741.97887063,95.45,AM,25.619,33.07
URM-Cn-5795,Sandalolitha robusta,133693,10974694.6,7309842.9,9505922.8,5841071.14589444,79.907,AM,76.898,47.992
URM-Cn-5475,Turbinaria reniformis,133697,15275691.5,6201364.1,14446844.9,5372517.54760088,86.634,AM,42.925,72.936
URM-Cn-4987,Pavona duerdeni,133702,18325888.4,13998903.6,15504733.7,11177748.9102472,79.847,AM,90.288,78.277
